Reds WS,Reds Style WS,Regions WS
http://webcache.googleusercontent.com/search?q=cache:https://www.wine-searcher.com/best-red-wine-under-200,http://webcache.googleusercontent.com/search?q=cache:https://www.wine-searcher.com/styles-3-red-bold-and-structured,http://webcache.googleusercontent.com/search?q=cache:https://www.wine-searcher.com/regions-california
http://webcache.googleusercontent.com/search?q=cache:https://www.wine-searcher.com/best-red-wine-under-100,http://webcache.googleusercontent.com/search?q=cache:https://www.wine-searcher.com/styles-1-red-light-and-perfumed,http://webcache.googleusercontent.com/search?q=cache:https://www.wine-searcher.com/regions-bordeaux
http://webcache.googleusercontent.com/search?q=cache:https://www.wine-searcher.com/most-popular-red-wine,http://webcache.googleusercontent.com/search?q=cache:https://www.wine-searcher.com/styles-2-red-savory-and-classic,http://webcache.googleusercontent.com/search?q=cache:https://www.wine-searcher.com/regions-burgundy
,http://webcache.googleusercontent.com/search?q=cache:https://www.wine-searcher.com/styles-4-red-rich-and-intense,http://webcache.googleusercontent.com/search?q=cache:https://www.wine-searcher.com/regions-champagne
,,http://webcache.googleusercontent.com/search?q=cache:https://www.wine-searcher.com/regions-rhone
,,http://webcache.googleusercontent.com/search?q=cache:https://www.wine-searcher.com/regions-loire
,,http://webcache.googleusercontent.com/search?q=cache:https://www.wine-searcher.com/regions-alsace
,,http://webcache.googleusercontent.com/search?q=cache:https://www.wine-searcher.com/regions-piedmont+%5Bpiemonte%5D
,,http://webcache.googleusercontent.com/search?q=cache:https://www.wine-searcher.com/regions-umbria
,,http://webcache.googleusercontent.com/search?q=cache:https://www.wine-searcher.com/regions-campania
,,http://webcache.googleusercontent.com/search?q=cache:https://www.wine-searcher.com/regions-sicily
,,http://webcache.googleusercontent.com/search?q=cache:https://www.wine-searcher.com/regions-sicily
,,http://webcache.googleusercontent.com/search?q=cache:https://www.wine-searcher.com/regions-douro
,,http://webcache.googleusercontent.com/search?q=cache:https://www.wine-searcher.com/regions-dao
,,http://webcache.googleusercontent.com/search?q=cache:https://www.wine-searcher.com/regions-algarve
,,http://webcache.googleusercontent.com/search?q=cache:https://www.wine-searcher.com/regions-wurttemberg
,,http://webcache.googleusercontent.com/search?q=cache:https://www.wine-searcher.com/regions-mosel
,,http://webcache.googleusercontent.com/search?q=cache:https://www.wine-searcher.com/regions-rheinhessen
,,http://webcache.googleusercontent.com/search?q=cache:https://www.wine-searcher.com/regions-pfalz
,,http://webcache.googleusercontent.com/search?q=cache:https://www.wine-searcher.com/regions-baden